de;4607;pre
ã;4356;nr
â;3131;nr
la;2700;art_def
et;2568;con
le;2477;art_def
il;1989;pro_per
avoir;1881;aux
un;1608;art_ind
lâ;1518;nr
être;1423;aux
dâ;1223;nr
en;1108;pre
une;1103;art_ind
que;1093;pro_rel
les;1085;art_def
qui;1003;pro_rel
son;922;adj_pos
ce;898;pro_dem
se;881;pro_per
ne;858;adv_sup
elle;838;pro_per
vous;834;pro_per
je;803;pro_per
taire;781;ver
sâ;765;nr
sa;748;adj_pos
dire;748;ver_sup
du;696;art_def
quâ;668;nr
dans;661;pre
e;660;nom_sup
pas;659;adv_sup
rã;656;nr
r;646;adv
nâ;646;nr
au;632;art_def
faire;609;ver_sup
dã;601;nr
des;568;art_ind
pour;543;pre
s;535;pro_per
me;527;pro_per
t;514;pro_per
on;508;pro_per
mais;507;con
plus;461;adv_sup
ses;459;adj_pos
lui;452;pro_per
câ;450;nr
sur;438;pre
tout;417;pro_ind
mã;416;nr
par;415;pre
comme;397;con
pouvoir;386;ver_sup
tã;374;nr
avec;374;pre
voir;367;ver
bien;359;adv_sup
tre;341;nr
y;303;pro_per
cette;301;adj_dem
si;295;con
pã;293;nr
point;292;nom_sup
lã;275;nr
mon;271;adj_pos
lady;271;nom
nous;270;pro_per
te;263;pro_per
bob;263;nom
sans;262;pre
prã;259;nr
oã;256;nr
prendre;252;ver
deux;248;adj_num
homme;240;nom
petit;233;adj
venir;230;ver
aller;229;ver
vouloir;214;ver_sup
savoir;214;ver_sup
main;213;nom
rio;212;nr
jâ;212;nr
santo;209;nr
ma;208;adj_pos
frank;205;nr
femme;203;nom
stephen;201;nr
ces;201;adj_dem
dont;192;pro_rel
ou;183;con
bon;179;adj_sup
rent;177;nr
tu;176;pro_per
encore;172;adv_sup
beau;172;adj
mettre;168;ver
snail;166;nr
comte;165;nom
moi;161;pro_per
cela;160;pro_dem
votre;159;adj_pos
mâ;159;nr
sã;157;nr
fille;154;nom
coup;154;nom
voix;151;nom
ur;150;nr
temps;149;nom
susannah;149;nr
monsieur;149;nom_sup
pauvre;148;adj
falloir;147;ver_sup
donner;147;ver
grand;145;adj
aimer;145;ver
sous;144;pre
porte;142;nom
mistress;141;nr
dieu;136;nom
aux;136;art_def
trevor;134;nr
ta;134;adj_pos
parler;134;ver
oeil;133;nom
murmurer;133;ver
m;132;pro_per
honneur;132;nom
regard;129;nom
jeune;129;adj
crier;129;ver
autre;127;pro_ind
reprendre;126;ver
mary;125;nom
campbell;125;nr
pondit;124;nr
chose;124;nom
madame;123;nom_sup
diable;119;ono
capitaine;119;nom
brian;119;nr
fort;118;adj_sup
long;116;adj
croire;116;ver_sup
milord;113;nom
fois;113;nom
rien;112;nom_sup
demander;112;ver
cet;111;adj_dem
tous;110;pro_ind
puis;110;con
eã;110;nr
cå;110;nr
vers;109;pre
miss;109;nom
ouvrir;108;ver
mot;108;nom
entendre;107;ver
vã;104;nr
nã;104;nr
mich;104;nr
passer;103;ver
frã;103;nr
taient;102;nr
quelque;102;adj_ind
heure;102;nom
donc;102;con
cã;102;nr
nom;101;nom
leur;100;pro_per
ils;100;pro_per
moment;98;nom
trouver;97;ver
marquis;97;nom
clary;97;nr
toute;95;adj_ind
jane;95;nr
loge;94;nom
entre;94;pre
quelques;93;adj_ind
jour;93;nom
amour;93;nom
devoir;91;ver_sup
hã;90;nr
å;89;nr
vieux;87;adj
lord;87;nom
laisser;87;ver
bas;87;adj
non;86;pro_per
sentir;85;ver
lantern;85;nr
attendre;85;ver
peu;84;nom_sup
moins;84;adv_sup
mes;84;adj_pos
aprã;83;nr
visage;82;nom
regarder;82;ver
penser;82;ver
jack;81;nom
trois;80;adj_num
notre;80;adj_pos
maison;80;nom
gã;80;nr
enfant;80;nom
chã;79;nr
aussi;79;adv_sup
rester;78;ver
edward;78;nr
anna;78;nr
tes;76;adj_pos
seul;76;adj
perdre;76;ver
perceval;76;nr
monde;76;nom
entrer;76;ver
turnbull;75;nr
sembler;75;ver
paddy;75;nom
car;75;con
londres;74;nr
cher;74;adj
ainsi;74;adv_sup
trã;73;nr
front;73;nom
enfin;73;adv_sup
sourire;72;ver
res;72;nr
parole;71;nom
maintenant;71;adv_sup
soir;70;nom
premier;70;adj
pied;70;nom
maã;70;nr
toujours;69;adv_sup
connaître;69;ver
sortir;68;ver
quand;68;con
jeter;68;ver
devant;68;pre
ah;68;ono
jamais;67;adv_sup
ami;67;nom
vie;66;nom
jusquâ;66;nr
sorte;65;nom
mentir;65;ver
lever;65;ver
fã;64;nr
tenir;63;ver
revenir;63;ver
rendre;63;ver
contre;63;pre
tom;62;nom
mac;62;nom
instant;62;nom
toutes;61;pro_ind
place;61;nom
interrompre;61;ver
derriã;61;nr
tendre;60;ver
tant;60;adv_sup
mieux;60;adv_sup
ajouter;60;ver
air;60;nom
peine;59;nom
loo;59;nr
joli;59;adj
ici;59;adv_sup
garder;59;ver
autres;59;pro_ind
arrã;59;nr
voilã;58;nr
presque;58;adv_sup
personne;58;pro_ind
nouveau;58;adj
depuis;58;pre
trop;57;adv_sup
montrer;57;ver
franã;57;nr
bras;57;nom
vivre;56;ver
silence;56;nom
ophelia;56;nr
haut;56;adj
lieu;55;nom
leurs;55;adj_pos
rire;54;ver
premiã;54;nr
porter;54;ver
oh;54;ono
livre;54;nom
jã;54;nr
gentleman;54;nom
elles;54;pro_per
tomber;53;ver
noir;53;adj
ni;53;con
milady;53;nom
dernier;53;adj
avant;53;pre
suivre;52;ver
souvenir;52;ver
oreille;52;nom
chez;52;pre
bruit;52;nom
ton;51;nom_sup
salon;51;nom
rieux;51;adj
paterson;51;nr
luces;50;nr
lantures;50;nr
thã;49;nr
bouche;49;nom
appeler;49;ver
minute;48;nom
chaque;48;adj_ind
bout;48;nom
servir;47;ver
plein;47;adj
lorsque;47;con
dame;47;nom
tour;46;nom
seulement;46;adv
passã;46;nr
jouer;46;ver
eh;46;ono
doute;46;nom
cinq;46;adj_num
asseoir;46;ver
smith;45;nr
lancester;45;nr
gens;45;nom
garã;45;nr
descendre;45;ver
assez;45;adv_sup
an;45;nom_sup
street;44;nr
sir;44;nom
pensã;44;nr
part;44;nom
nuit;44;nom
nos;44;adj_pos
frapper;44;ver
docteur;44;nom
salle;43;nom
rue;43;nom
oâ;43;nr
nab;43;nr
mal;43;nom_sup
gros;43;adj
vrai;42;adj
toi;42;pro_per
så;42;nr
partie;42;nom
lane;42;nr
honorable;42;adj
demi;42;adj_sup
couvrir;42;ver
vicomte;41;nom
trait;41;nom
tourner;41;ver
peg;41;nr
face;41;nom
charmant;41;adj
alors;41;adv_sup
mouvement;40;nom
mort;40;nom
madge;40;nr
grã;40;nr
chrane;40;nr
chercher;40;ver
chambre;40;nom
aveugle;40;adj
autour;40;adv_sup
ant;40;nr
affaire;40;nom
verre;39;nom
tyrrel;39;nr
rideau;39;nom
prince;39;nom
pousser;39;ver
milieu;39;nom
lorsquâ;39;nr
ge;39;nr
foi;39;nom
feu;39;nom
dix;39;adj_num
charlie;39;nr
arriver;39;ver
vostre;38;nr
tâ;38;nr
six;38;adj_num
noble;38;adj
malheureux;38;adj
fond;38;nom
duc;38;nom
boire;38;ver
bal;38;nom
tempã;37;nr
parmi;37;pre
house;37;nom
burnett;37;nr
trange;36;nr
rance;36;adj
pondre;36;ver
poche;36;nom
or;36;con
lettre;36;nom
devenir;36;ver
corps;36;nom
conduire;36;ver
comprendre;36;ver
brã;36;nr
aise;36;nom
ve;35;nr
toucher;35;ver
quoi;35;pro_rel
marcher;35;ver
honnã;35;nr
fermer;35;ver
entrã;35;nr
donnã;35;nr
bã;35;nr
bishop;35;nom
voici;34;pre
pendant;34;pre
mille;34;adj_num
large;34;adj
intã;34;nr
foule;34;nom
escalier;34;nom
doigt;34;nom
auprã;34;nr
quant;33;nom_sup
pourtant;33;adv_sup
poursuivre;33;ver
niã;33;nr
froid;33;adj
fiacre;33;nom
espã;33;nr
esprit;33;nom
coquin;33;nom
celui;33;pro_dem
agir;33;ver
soi;32;pro_per
prononã;32;nr
partir;32;ver
misã;32;nr
loin;32;adv_sup
inconnu;32;nom
guinã;32;nr
gin;32;nom
fin;32;nom
drã;32;nr
droit;32;nom
comment;32;con
cent;32;adj_num
besoin;32;nom
souvent;31;adv_sup
saluer;31;ver
retirer;31;ver
pourquoi;31;con
effet;31;nom
beaucoup;31;adv_sup
approcher;31;ver
and;31;nr
the;30;nr
seconde;30;nom
poitrine;30;nom
permettre;30;ver
parfois;30;adv_sup
pardieu;30;ono
parce_que;30;con
oui;30;adv_sup
mystã;30;nr
doux;30;adj
dessus;30;adv_sup
degrã;30;nr
compagnon;30;nom
but;30;nom
abord;30;nom
tresse;29;nom
taverne;29;nom
quitter;29;ver
piã;29;nr
moyen;29;nom
fou;29;adj
durement;29;adv
continuer;29;ver
colã;29;nr
cheveu;29;nom
che;29;nr
celui_ci;29;pro_dem
ceci;29;pro_dem
bâ;29;nr
bonheur;29;nom
tres;28;nr
suivant;28;pre
saisir;28;ver
rement;28;nr
quatre;28;adj_num
paules;28;nr
passion;28;nom
monter;28;ver
lanã;28;nr
gauche;28;nom
force;28;adj_ind
faã;28;nr
couronne;28;nom
commenã;28;nr
causer;28;ver
battre;28;ver
aussitã;28;nr
aperã;28;nr
anglais;28;nom
ais;28;nom
tuer;27;ver
taille;27;nom
retourner;27;ver
quel;27;adj_int
poã;27;nr
ordinaire;27;adj
larme;27;nom
faible;27;adj
derniã;27;nr
cacher;27;ver
bientã;27;nr
vres;26;nr
secret;26;nom
profond;26;adj
nature;26;nom
hasard;26;nom
fils;26;nom
fenã;26;nr
eux;26;pro_per
effort;26;nom
doucement;26;adv
complã;26;nr
chacun;26;pro_ind
beautã;26;nr
arme;26;nom
apprendre;26;ver
trembler;25;ver
terrible;25;adj
tat;25;nr
table;25;nom
soupã;25;nr
signe;25;nom
seuil;25;nom
second;25;adj
remettre;25;ver
raison;25;nom
rable;25;nr
pipe;25;nom
passage;25;nom
parer;25;ver
moitiã;25;nr
lire;25;ver
intendant;25;nom
idã;25;nr
heureux;25;adj
durant;25;pre
disparaître;25;ver
demeurer;25;ver
cousin;25;nom
changer;25;ver
caractã;25;nr
ailleurs;25;adv_sup
scã;24;nr
saunie;24;nr
plaã;24;nr
mourir;24;ver
mauvais;24;adj
lumiã;24;nr
lit;24;nom
grommeler;24;ver
goã;24;nr
geste;24;nom
ensuite;24;adv_sup
damner;24;ver
avanã;24;nr
atteindre;24;ver
aimã;24;nr
white;23;nr
vre;23;nr
voiture;23;nom
vaste;23;adj
valet;23;nom
trou;23;nom
ter;23;adv
rieusement;23;nr
riche;23;adj
reã;23;nr
reâ;23;nr
reconnaître;23;ver
puissant;23;adj
mois;23;nom
manquer;23;ver
gagner;23;ver
flã;23;nr
figure;23;nom
fauteuil;23;nom
expression;23;nom
digne;23;adj
demain;23;adv_sup
crã;23;nr
courir;23;ver
chanter;23;ver
cependant;23;con
brusquement;23;adv
baiser;23;ver
valoir;22;ver
ut;22;nom
temple;22;nom
souffrir;22;ver
seigneurie;22;nom
sang;22;nom
saint;22;nom
rieur;22;adj
question;22;nom
poing;22;nom
plaisir;22;nom
physionomie;22;nom
ordre;22;nom
mesure;22;nom
manor;22;nr
essayer;22;ver
emporter;22;ver
cocher;22;nom
chemin;22;nom
bureau;22;nom
brillant;22;adj
bank_note;22;nom
arrivã;22;nr
1;22;num
vos;21;adj_pos
vivement;21;adv
violemment;21;adv
vingt;21;adj_num
travers;21;nom
tirer;21;ver
surtout;21;adv_sup
sourcil;21;nom
rival;21;nom
quipage;21;nr
poser;21;ver
offrir;21;ver
occasion;21;nom
lecteur;21;nom
hier;21;adv_sup
glisser;21;ver
costume;21;nom
ceux;21;pro_dem
blanc;21;adj
bateau;21;nom
baisser;21;ver
autant;21;adv_sup
annã;21;nr
allã;21;nr
aide;21;nom
voisin;20;nom
vite;20;adv_sup
veur;20;nr
veille;20;nom
tante;20;nom
souriant;20;adj
prier;20;ver
pliqua;20;nr
pencher;20;ver
payer;20;ver
matin;20;nom
laquelle;20;pro_rel
fiã;20;nr
espoir;20;nom
dedans;20;adv_sup
cornhill;20;nr
compte;20;nom
coin;20;nom
chellenze;20;nr
changã;20;nr
bouger;20;ver
appuyer;20;ver
altesse;20;nom
tromper;19;ver
triste;19;adj
supã;19;nr
soin;19;nom
satan;19;nom
ritable;19;nr
relever;19;ver
pot;19;nom
policeman;19;nom
pitiã;19;nr
peur;19;nom
membre;19;nom
maniã;19;nr
lourd;19;adj
juste;19;adj_sup
immobile;19;adj
franchir;19;ver
finir;19;ver
environ;19;adv_sup
enfer;19;nom
choisir;19;ver
cause;19;nom
attention;19;ono
aspect;19;nom
voleur;18;nom
soulever;18;ver
route;18;nom
rouge;18;adj
ressembler;18;ver
pur;18;adj
promettre;18;ver
portã;18;nr
paraître;18;ver
oubliã;18;nr
oublier;18;ver
occupã;18;nr
occuper;18;ver
nul;18;adj_ind
malgrã;18;nr
lequel;18;pro_rel
gruff;18;nr
fermã;18;nr
exprimer;18;ver
etc;18;adv
duel;18;nom
deviner;18;ver
dent;18;nom
cheval;18;nom
chapeau;18;nom
calme;18;nom
briller;18;ver
aujourdâ;18;nr
apparence;18;nom
visite;17;nom
veiller;17;ver
u;17;nom_sup
troisiã;17;nr
travailler;17;ver
tel;17;adj_ind
tamiser;17;ver
soutenir;17;ver
songer;17;ver
secouer;17;ver
ruelle;17;nom
royal;17;adj
respect;17;nom
plusieurs;17;adj_ind
personnage;17;nom
opã;17;nr
nouvelle;17;adj
moore;17;nr
maudlin;17;nr
magnifique;17;adj
levã;17;nr
las;17;ono
lancã;17;nr
instinct;17;nom
importer;17;ver
guã;17;nr
grave;17;adj
farlane;17;nr
droite;17;nom
derby;17;nom
decin;17;nr
debout;17;adv_sup
craindre;17;ver
conscience;17;nom
celle;17;pro_dem
canne;17;nom
brouillard;17;nom
bleu;17;adj
aucune;17;adj_ind
apporter;17;ver
vendre;16;ver
texte;16;nom
tandis_que;16;con
suite;16;nom
sourd;16;adj
soudain;16;adj_sup
somme;16;nom
sence;16;nr
ritã;16;nr
rhum;16;nom
reprã;16;nr
quartier;16;nom
public;16;adj
perã;16;nr
paupiã;16;nr
passionnã;16;nr
parce_queâ;16;nr
objet;16;nom
nez;16;nom
motion;16;nom
mode;16;nom
longueville;16;nr
lentement;16;adv
james;16;nr
irrã;16;nr
inquiã;16;nr
impã;16;nr
impossible;16;adj
hui;16;nom
habit;16;nom
gentilhomme;16;nom
fortune;16;nom
finch;16;nr
fendre;16;ver
famille;16;nom
endroit;16;nom
empã;16;nr
edmund;16;nr
dorothy;16;nr
dormir;16;ver
cri;16;nom
covent;16;nr
contraire;16;nom
comptoir;16;nom
combien;16;adv_sup
bague;16;nom
vague;15;nom
tement;15;nr
souverain;15;nom
soupir;15;nom
simple;15;adj
sein;15;nom
quelle;15;adj_int
prononcã;15;nr
position;15;nom
parlã;15;nr
pardonner;15;ver
obã;15;nr
motif;15;nom
meilleur;15;adj
malade;15;adj
lion;15;nom
ligne;15;nom
lait;15;nom
joie;15;nom
habituã;15;nr
groupe;15;nom
groom;15;nom
ger;15;nr
galerie;15;nom
frappã;15;nr
dehors;15;ono
coutez;15;nr
course;15;nom
contenir;15;ver
celle_ci;15;pro_dem
caisse;15;nom
burkeur;15;nr
brave;15;adj
blessã;15;nr
barque;15;nom
adresser;15;ver
vive;14;ono
vide;14;adj
vaincre;14;ver
vain;14;adj
urs;14;nr
trottoir;14;nom
tonnã;14;nr
tap;14;ono
sormais;14;nr
sombre;14;adj
siã;14;nr
rieure;14;nr
revoir;14;ver
retrouver;14;ver
rapide;14;adj
raire;14;ver
prononcer;14;ver
portiã;14;nr
police;14;nom
pistolet;14;nom
pendre;14;ver
oser;14;ver
ons;14;nr
nommer;14;ver
nombre;14;nom
noblesse;14;nom
moustache;14;nom
morne;14;adj
miauler;14;ver
merci;14;ono
malheur;14;nom
lueur;14;nom
impression;14;nom
huit;14;adj_num
gracieux;14;adj
garden;14;nr
fun;14;nom
fier;14;ver
falkstone;14;nr
entretien;14;nom
ensemble;14;adv
eau;14;nom
douairiã;14;nr
cran;14;nom
cossais;14;nr
compter;14;ver
church;14;nr
charme;14;nom
chant;14;nom
cantacouzã;14;nr
brutal;14;adj
blessure;14;nom
aucun;14;adj_ind
acte;14;nom
achever;14;ver
accueillir;14;ver
volontã;13;nr
vivant;13;adj
trouvã;13;nr
troit;13;nr
tristesse;13;nom
tressaillir;13;ver
trente;13;adj_num
traverser;13;ver
trace;13;nom
tomy;13;nr
toilette;13;nom
titre;13;nom
tendresse;13;nom
taverniã;13;nr
succã;13;nr
subir;13;ver
spirituel;13;adj
souffrance;13;nom
sonner;13;ver
roi;13;nom
retenir;13;ver
rer;13;nr
rencontrer;13;ver
remonter;13;ver
refuser;13;ver
redresser;13;ver
propos;13;nom
prix;13;nom
presser;13;ver
ponse;13;nr
pasâ;13;nr
parã;13;nr
partout;13;adv_sup
outre;13;pre
moire;13;nom
lier;13;ver
ladies;13;nom
jetã;13;nr
introduire;13;ver
incliner;13;ver
hors;13;pre
gant;13;nom
froidement;13;adv
france;13;nr
foulard;13;nom
forcã;13;nr
fi;13;ono
eâ;13;nr
entrâ;13;nr
emplir;13;ver
dudley;13;nr
douleur;13;nom
davantage;13;adv_sup
danser;13;ver
cusson;13;nr
curieux;13;adj
couleur;13;nom
chaud;13;adj
certes;13;adv_sup
celles;13;pro_dem
cavalier;13;nom
carrã;13;nr
before;13;nr
attirer;13;ver
argent;13;nom
amã;13;nr
afin;13;adv_sup
adresse;13;nom
witch;12;nr
voile;12;nom
ts;12;nr
tier;12;nr
terre;12;nom
tage;12;nr
sujet;12;adj
sentiment;12;nom
rowley;12;nr
rougir;12;ver
robuste;12;adj
retomber;12;ver
reculer;12;ver
reconnaã;12;nr
ravissant;12;adj
rang;12;nom
produire;12;ver
possible;12;adj
poids;12;nom
plaindre;12;ver
pilier;12;nom
patience;12;nom
pari;12;nom
parfaitement;12;adv
ombre;12;nom
moindre;12;adj_sup
matelot;12;nom
manteau;12;nom
maigre;12;adj
madameâ;12;nr
loi;12;nom
jambe;12;nom
humide;12;adj
humeur;12;nom
hauteur;12;nom
goutte;12;nom
glise;12;nr
fer;12;nom
faiblesse;12;nom
exemple;12;nom
excellent;12;adj
envie;12;nom
ellement;12;nr
don;12;nom
distraire;12;ver
dessous;12;nom_sup
crainte;12;nom
couper;12;ver
connaã;12;nr
commun;12;adj
combat;12;nom
clair;12;adj
cipitamment;12;nr
ciel;12;nom
chå;12;nr
chaussã;12;nr
cachã;12;nr
bå;12;nr
briser;12;ver
auquel;12;pro_rel
ardent;12;adj
apercevoir;12;ver
angleterre;12;nom
affirmer;12;ver
accomplir;12;ver
videmment;11;nr
veuf;11;adj
vert;11;adj
uf;11;nr
trompã;11;nr
tranges;11;nr
tombã;11;nr
tentã;11;nr
suprã;11;nr
sommeil;11;nom
soirã;11;nr
shellings;11;nr
service;11;nom
sentã;11;nr
rite;11;nom
respirer;11;ver
repousser;11;ver
rentrer;11;ver
rence;11;nr
quã;11;nr
protã;11;nr
profiter;11;ver
pouce;11;nom
perron;11;nom
pences;11;nr
parcourir;11;ver
papier;11;nom
observateur;11;nom
obscuritã;11;nr
mine;11;nom
menace;11;nom
livrã;11;nr
livrer;11;ver
langue;11;nom
laird;11;nom
jurer;11;ver
jeunesse;11;nom
ivresse;11;nom
intervalle;11;nom
intelligence;11;nom
infernal;11;adj
horrible;11;adj
haine;11;nom
habitude;11;nom
grog;11;nom
grille;11;nom
grillage;11;nom
gilbert;11;nom
ges;11;nr
frac;11;nom
foyer;11;nom
forme;11;nom
excuser;11;ver
envoyer;11;ver
entraã;11;nr
entiã;11;nr
entier;11;adj
durer;11;ver
duquel;11;pro_rel
double;11;adj
diriger;11;ver
diana;11;nr
diamant;11;nom
coucher;11;ver
conversation;11;nom
combattre;11;ver
changeur;11;nom
certaine;11;adj_ind
boã;11;nr
boue;11;nom
bertram;11;nr
autrefois;11;pro_ind
assy;11;nr
arriã;11;nr
angle;11;nom
agent;11;nom
vousâ;10;nr
ventail;10;nom
unique;10;adj
tournã;10;nr
timide;10;adj
terme;10;nom
tabac;10;nom
sultat;10;nr
sorciã;10;nr
sol;10;nom
signor;10;nom
sespoir;10;nr
servant;10;nom
serrer;10;ver
serra;10;nom
seigneur;10;nom
saurer;10;ver
roux;10;nom
rompre;10;ver
reprocher;10;ver
repos;10;nom
rencontrã;10;nr
remplir;10;ver
refermer;10;ver
rare;10;adj
rappeler;10;ver
quart;10;nom
puissance;10;nom
priã;10;nr
practice;10;nom
poussã;10;nr
pou;10;nom
possã;10;nr
pit;10;nr
parloir;10;nom
paquet;10;nom
ophã;10;nr
naturellement;10;adv
naguã;10;nr
muller;10;nr
mener;10;ver
masse;10;nom
mariage;10;nom
lorgnon;10;nom
lampe;10;nom
jusque;10;pre
joyeux;10;adj
journã;10;nr
john;10;nr
jaune;10;adj
jalousie;10;nom
impatience;10;nom
imagination;10;nom
histoire;10;nom
hausser;10;ver
gronder;10;ver
gnait;10;nr
fleur;10;nom
fashion;10;nom
extraordinaire;10;adj
entourer;10;ver
ennemi;10;nom
enfance;10;nom
effrayant;10;adj
diverses;10;adj_ind
demandã;10;nr
danger;10;nom
damnã;10;nr
courage;10;nom
circonstance;10;nom
choc;10;nom
charpie;10;nom
chargã;10;nr
charger;10;ver
champion;10;nom
cesse;10;nom
caution;10;nom
camarade;10;nom
brisã;10;nr
boutique;10;nom
bonsoir;10;nom
bel;10;adj
banc;10;nom
aã;10;nr
avance;10;nom
attacher;10;ver
ange;10;nom
ancien;10;adj
ambition;10;nom
agiter;10;ver
voã;9;nr
volã;9;nr
vigueur;9;nom
vaguement;9;adv
type;9;nom
tude;9;nr
treâ;9;nr
traã;9;nr
tournant;9;nom
tort;9;nom
tique;9;nom
timidement;9;adv
tiens;9;ono
terreur;9;nom
teint;9;nom
tard;9;adv_sup
suffire;9;ver
sueur;9;nom
spectacle;9;nom
soif;9;nom
shelling;9;nr
serrure;9;nom
sentation;9;nr
secours;9;nom
salut;9;nom
ronde;9;nom
robe;9;nom
ristyle;9;nr
rez;9;pre
retentir;9;ver
respectueusement;9;adv
recevoir;9;ver
rayon;9;nom
rauque;9;adj
ration;9;nom
rapport;9;nom
quittã;9;nr
quelquâ;9;nr
purgatoire;9;nom
propriã;9;nr
propre;9;adj
plume;9;nom
pleurer;9;ver
paître;9;ver
pavã;9;nr
paulus;9;nr
parvenir;9;ver
partager;9;ver
paraã;9;nr
paix;9;nom
paisse;9;nr
paire;9;nom
ouverture;9;nom
orgueil;9;nom
nu;9;adj
nicholas;9;nr
moiâ;9;nr
milordâ;9;nr
midi;9;nom
meâ;9;nr
mendiant;9;nom
masque;9;nom
major;9;nom
lutte;9;nom
lunette;9;nom
lointain;9;adj
lendemain;9;nom_sup
joindre;9;ver
indiffã;9;nr
important;9;adj
immense;9;adj
hideux;9;adj
glace;9;nom
gage;9;nom
frayeur;9;nom
fortement;9;adv
fleuve;9;nom
fidã;9;nr
exã;9;nr
expliquer;9;ver
distance;9;nom
discret;9;adj
direâ;9;nr
direction;9;nom
dait;9;nr
curiositã;9;nr
croisã;9;nr
coutume;9;nom
court;9;adj
couler;9;ver
coude;9;nom
convulsivement;9;adv
considã;9;nr
clairã;9;nr
cinquante;9;adj_num
chacune;9;pro_ind
certaines;9;adj_ind
certain;9;adj_ind
celaâ;9;nr
cas;9;nom
carte;9;nom
cadavre;9;nom
bruyant;9;adj
briotta;9;nr
borne;9;nom
bois;9;nom
blanc_bec;9;nom
bizarre;9;adj
binocle;9;nom
bijoutier;9;nom
besogne;9;nom
barrer;9;ver
ballot;9;nom
avancer;9;ver
assassin;9;nom
apparaître;9;ver
apathie;9;nom
anmoins;9;nr
angoisse;9;nom
aider;9;ver
admirer;9;ver
acheter;9;ver
aboyer;9;ver
2;9;num
zo;8;nr
walter;8;nom
vengeance;8;nom
usage;8;nom
tourdi;8;nr
tonnement;8;nr
teuse;8;nr
telle;8;adj_ind
tableau;8;nom
surprise;8;nom
sur_le_champ;8;adv
stupã;8;nr
soupirer;8;ver
souffler;8;ver
soie;8;nom
situation;8;nom
sinon;8;con
singuliã;8;nr
sie;8;nr
sanglant;8;adj
rienâ;8;nr
retraite;8;nom
restã;8;nr
repoussant;8;adj
renversã;8;nr
remarquer;8;ver
relevã;8;nr
regretter;8;ver
regret;8;nom
recouvrir;8;ver
rangã;8;nr
rage;8;nom
quinze;8;adj_num
puisque;8;con
psaume;8;nom
prouver;8;ver
principal;8;adj
pourvoir;8;ver
poste;8;nom
portrait;8;nom
portant;8;adj
plongã;8;nr
pierre;8;nom
peter;8;nr
peau;8;nom
pareil;8;adj
ouïr;8;ver
obstacle;8;nom
nes;8;nr
nef;8;nom
naã;8;nr
muraille;8;nom
mors;8;nom
modã;8;nr
mer;8;nom
marier;8;ver
marche;8;nom
marchandise;8;nom
loignã;8;nr
limite;8;nom
libre;8;adj
leâ;8;nr
lant;8;nr
ivre;8;adj
interroger;8;ver
incertitude;8;nom
imiter;8;ver
illustre;8;adj
ignoble;8;adj
iciâ;8;nr
hautain;8;adj
hardi;8;adj
guerre;8;nom
genou;8;nom
filou;8;nom
fil;8;nom
fatigue;8;nom
fameux;8;adj
extã;8;nr
exclamation;8;nom
ennui;8;nom
endormir;8;ver
employer;8;ver
emphase;8;nom
effie;8;nr
dur;8;adj
douzaine;8;nom
douteux;8;adj
douter;8;ver
dos;8;nom
domestique;8;nom
difficile;8;adj
damoiseau;8;nom
dain;8;nr
daigner;8;ver
coutait;8;nr
cou;8;nom
corde;8;nom
convenir;8;ver
contessa;8;nr
contempler;8;ver
connaissance;8;nom
congrã;8;nr
confiance;8;nom
complet;8;adj
commerce;8;nom
commencã;8;nr
commencer;8;ver
coffret;8;nom
clat;8;nr
citã;8;nr
ches;8;nr
chassã;8;nr
chappait;8;nr
chait;8;nr
chagrin;8;nom
cha;8;nr
cercle;8;nom
cents;8;adj_num
cauteleux;8;adj
cabaret;8;nom
cab;8;nom
brown;8;nr
bris;8;nom
bow;8;nr
bondir;8;ver
black;8;adj
bataille;8;nom
autrui;8;pro_ind
assommer;8;ver
art;8;nom
annonã;8;nr
amitiã;8;nr
alitã;8;nr
aimable;8;adj
adieu;8;ono
3;8;num
york;7;nom
west;7;nr
voyage;7;nom
voiler;7;ver
verie;7;nr
vent;7;nom
ue;7;nr
travail;7;nom
train;7;nom
touffe;7;nom
touchant;7;adj
tonnerre;7;nom
terminã;7;nr
tenter;7;ver
tandis_quâ;7;nr
subitement;7;adv
sourdement;7;adv
soudainement;7;adv
soirâ;7;nr
sociã;7;nr
situã;7;nr
silencieusement;7;adv
sermon;7;nom
senta;7;nr
sensation;7;nom
sec;7;adj
savourer;7;ver
sauter;7;ver
satin;7;nom
santã;7;nr
ros;7;nr
roman;7;nom
reux;7;nr
repentir;7;ver
remuer;7;ver
remercier;7;ver
rejoindre;7;ver
reine;7;nom
reflet;7;nom
redevenir;7;ver
rapidement;7;adv
rancune;7;nom
quels;7;adj_int
quadrille;7;nom
pâ;7;nr
prouvã;7;nr
promener;7;ver
preuve;7;nom
posã;7;nr
positif;7;adj
portefeuille;7;nom
poignard;7;nom
plaisanterie;7;nom
philippe;7;nr
payã;7;nr
pays;7;nom
paul;7;nr
parier;7;ver
palais;7;nom
oxford;7;nr
opaque;7;adj
onâ;7;nr
obscur;7;adj
nulle;7;adj_ind
nuance;7;nom
nitã;7;nr
night;7;nr
nement;7;nr
naturel;7;adj
narine;7;nom
na;7;ono
mortel;7;nom
montã;7;nr
mince;7;ono
million;7;nom_sup
menaã;7;nr
master;7;nom
marchander;7;ver
maquignon;7;nom
manger;7;ver
luxe;7;nom
luiâ;7;nr
loquence;7;nr
lante;7;nr
lancer;7;ver
laissã;7;nr
jouissance;7;nom
jouir;7;ver
jaloux;7;adj
inutile;7;adj
inspirer;7;ver
indã;7;nr
incident;7;nom
incapable;7;adj
importance;7;nom
imperceptible;7;adj
honteux;7;adj
honte;7;nom
grandir;7;ver
gilet;7;nom
gale;7;nom
fronã;7;nr
froideur;7;nom
franc;7;adj
fournisseur;7;nom
fournir;7;ver
fouiller;7;ver
former;7;ver
foote;7;nr
flot;7;nom
fiertã;7;nr
fashionable;7;adj
extrã;7;nr
exquis;7;adj
estimer;7;ver
esquiver;7;ver
envelopper;7;ver
entrevue;7;nom
entretenir;7;ver
entourã;7;nr
enchantement;7;nom
empressement;7;nom
emportã;7;nr
effrayã;7;nr
dresser;7;ver
draperie;7;nom
douloureux;7;adj
discrã;7;nr
dimanche;7;nom
die;7;nom
dandies;7;nr
cuir;7;nom
crosscairn;7;nr
croiser;7;ver
coã;7;nr
courtoisie;7;nom
courant;7;nom
cour;7;nom
couloir;7;nom
cosse;7;nom
confus;7;adj
comã;7;nr
composer;7;ver
clã;7;nr
cisã;7;nr
chute;7;nom
chevaleresque;7;adj
chapper;7;nr
chanceler;7;ver
cerveau;7;nom
cadet;7;nom
bull;7;nom
brusque;7;adj
britannique;7;nom
bourse;7;nom
borougham;7;nr
bonjour;7;nom
bloomberry;7;nr
blond;7;adj
billet;7;nom
bienâ;7;nr
betty;7;nr
bembo;7;nr
balbutier;7;ver
baissã;7;nr
aviditã;7;nr
avidement;7;adv
avenir;7;nom
avantage;7;nom
augmenter;7;ver
atmosphã;7;nr
aristocratie;7;nom
apprã;7;nr
apportã;7;nr
applaudir;7;ver
appel;7;nom
antichambre;7;nom
annoncer;7;ver
angelo;7;nr
amertume;7;nom
allumã;7;nr
allemand;7;adj
agrafe;7;nom
affreux;7;adj
affecter;7;ver
adversaire;7;nom
admirable;7;adj
admettre;7;ver
accuser;7;ver
waterfield;6;nr
vraiment;6;adv
volontiers;6;adv_sup
voler;6;ver
voirâ;6;nr
vigoureux;6;adj
vieillard;6;nom
victime;6;nom
ver;6;nom
venger;6;ver
uvre;6;nr
univers;6;nom
unir;6;ver
union;6;nom
tumeur;6;nom
tulipp;6;nr
trouble;6;nom
trevorâ;6;nr
trente_six;6;adj_num
tranger;6;nr
tournure;6;nom
tonner;6;ver
tiez;6;nr
thames;6;nr
testable;6;nr
tache;6;nom
suspect;6;adj
supplier;6;ver
stupide;6;adj
stewart;6;nr
soulevã;6;nr
souhaiter;6;ver
sonnette;6;nom
solution;6;nom
sollicitude;6;nom
signer;6;ver
sespã;6;nr
serrã;6;nr
sept;6;adj_num
senter;6;nr
sauver;6;ver
sang_froid;6;nom
sale;6;adj
rudement;6;adv
rougeã;6;nr
rigoureusement;6;adv
ridicule;6;adj
revã;6;nr
ressemblance;6;nom
renommã;6;nr
remã;6;nr
relã;6;nr
rejeter;6;ver
rayonner;6;ver
ral;6;nr
raide;6;adj
raconter;6;ver
rables;6;nr
ra;6;nom
quipages;6;nr
quelquefois;6;adv_sup
quelles;6;adj_int
quatriã;6;nr
quarante;6;adj_num
quantitã;6;nr
putation;6;nr
prunelle;6;nom
prolongã;6;nr
profondã;6;nr
profil;6;nom
pratique;6;adj
populaire;6;adj
plutã;6;nr
plupart;6;adv_sup
plonger;6;ver
plaire;6;ver
peuple;6;nom
perfection;6;nom
percevalâ;6;nr
peindre;6;ver
pegasus;6;nr
paule;6;nr
patron;6;nom
parterre;6;nom
parlement;6;nom
pansement;6;nom
pain;6;nom
ouiâ;6;nr
original;6;nom
opposer;6;ver
officiel;6;adj
of;6;nr
occupation;6;nom
nouvel;6;adj
note;6;nom
nonâ;6;nr
nombreux;6;adj
nisse;6;nr
nergie;6;nr
nager;6;ver
nage;6;nom
mur;6;nom
mordre;6;ver
monotone;6;adj
monnaie;6;nom
missement;6;nr
millionnaire;6;adj
miladyâ;6;nr
maudit;6;adj
matã;6;nr
marteau;6;nom
marquisâ;6;nr
mari;6;nom
marchand;6;nom
magasin;6;nom
machinalement;6;adv
loyal;6;adj
loisir;6;nom
logique;6;adj
lent;6;adj
justement;6;adv
italien;6;adj
involontairement;6;adv
intention;6;nom
instantanã;6;nr
inerte;6;adj
individu;6;nom
incessamment;6;adv
impitoyable;6;adj
image;6;nom
ignorer;6;ver
hurler;6;ver
humble;6;adj
heurter;6;ver
haã;6;nr
guise;6;nom
grandâ;6;nr
gorgã;6;nr
gorge;6;nom
glacial;6;adj
giles;6;nr
gaã;6;nr
gal;6;adv
gagnã;6;nr
furieux;6;adj
frivole;6;adj
frankâ;6;nr
fougueux;6;adj
formã;6;nr
flacon;6;nom
filleâ;6;nr
fermier;6;nom
fautâ;6;nr
expã;6;nr
existence;6;nom
excã;6;nr
essuyer;6;ver
esclave;6;nom
erreur;6;nom
errer;6;ver
enveloppã;6;nr
enseigner;6;ver
engager;6;ver
enfuir;6;ver
end;6;nr
embarras;6;nom
eccentric;6;nr
eau_de_vie;6;nom
duit;6;nom
ductions;6;nr
douceur;6;nom
divers;6;adj_ind
distinguer;6;ver
distinction;6;nom
deuxiã;6;nr
dessinã;6;nr
demi_heure;6;nom
demeure;6;nom
delã;6;nr
danseur;6;nom
culotte;6;nom
crubb;6;nr
croyance;6;nom
couter;6;nr
couteau;6;nom
cordon;6;nom
convenable;6;adj
contraste;6;nom
conter;6;ver
content;6;adj
connaisseur;6;nom
conduite;6;nom
composã;6;nr
compagnie;6;nom
commander;6;ver
comble;6;nom
coller;6;ver
clore;6;ver
clats;6;nr
clara;6;nr
citer;6;ver
cidã;6;nr
chir;6;nr
chevet;6;nom
chevelure;6;nom
chevalier;6;nom
chaleur;6;nom
cesser;6;ver
centre;6;nom
caresser;6;ver
capable;6;adj
cabinet;6;nom
butler;6;nr
brume;6;nom
brocanteur;6;nom
brigand;6;nom
bres;6;nr
bourgeois;6;adj
boudoir;6;nom
bobâ;6;nr
banque;6;nom
azur;6;nom
autrement;6;adv
ature;6;nr
atroce;6;adj
assurã;6;nr
assaut;6;nom
artiste;6;nom
arracher;6;ver
aristocratique;6;adj
appliquã;6;nr
alentour;6;nom_sup
agrã;6;nr
ade;6;nr
abã;6;nr
abside;6;nom
vulnã;5;nr
vulgaire;5;adj
voluptã;5;nr
volume;5;nom
voie;5;nom
virer;5;ver
violent;5;adj
vif;5;adj
vice;5;nom
veillã;5;nr
vapeur;5;nom
urâ;5;nr
uns;5;pro_ind
tumulte;5;nom
troite;5;nr
triomphe;5;nom
tri;5;nom
trer;5;nr
trappe;5;nom
transition;5;nom
tranquillement;5;adv
trahir;5;ver
traduire;5;ver
toutâ;5;nr
torse;5;nom
tonnant;5;adj
toile;5;nom
tit;5;nr
tendu;5;adj
tempe;5;nom
tantã;5;nr
tails;5;nr
supposer;5;ver
sucrã;5;nr
suave;5;adj
sterling;5;adj
statue;5;nom
stationner;5;ver
soumettre;5;ver
souillã;5;nr
sor;5;nr
solliciter;5;ver
solitude;5;nom
soigneusement;5;adv
siter;5;nr
sitait;5;nr
sirer;5;nr
singulier;5;adj
simplicitã;5;nr
silencieux;5;adj
signifier;5;ver
servã;5;nr
serviteur;5;nom
semblable;5;adj
scintiller;5;ver
satisfaire;5;ver
satisfaction;5;nom
saillie;5;nom
sac;5;nom
ruine;5;nom
romanesque;5;adj
rir;5;nr
rieures;5;nr
ridã;5;nr
ride;5;nom
retour;5;nom
ressource;5;nom
respectueux;5;adj
respecter;5;ver
respectable;5;adj
rendez_vous;5;nom
rencontre;5;nom
remords;5;nom
regardã;5;nr
refusã;5;nr
reculã;5;nr
raviser;5;ver
ramasser;5;ver
quiconque;5;pro_rel
punir;5;ver
puisã;5;nr
prudent;5;adj
provoquer;5;ver
projet;5;nom
prodigieux;5;adj
privã;5;nr
poussiã;5;nr
pourpre;5;adj
politique;5;adj
poignet;5;nom
plusâ;5;nr
plaisant;5;adj
plafond;5;nom
placã;5;nr
pis;5;adv_sup
pingle;5;nr
pesant;5;adj
personnel;5;adj
penchã;5;nr
peggy;5;nr
pastille;5;nom
paroi;5;nom
parisien;5;adj
parfaire;5;ver
pardon;5;ono
ouvrage;5;nom
outrã;5;nr
orchestre;5;nom
orange;5;nom
office;5;nom
odieux;5;adj
odeur;5;nom
nocturne;5;adj
nible;5;nr
neuf;5;adj_num
ner;5;nr
nait;5;nr
må;5;nr
musique;5;nom
mourant;5;adj
mouchoir;5;nom
mou;5;adj
moral;5;nom
monceau;5;nom
moin;5;nr
modeste;5;adj
mitchell;5;nr
mesurer;5;ver
merveilleux;5;adj
merveilleusement;5;adv
mensonge;5;nom
maussade;5;adj
matou;5;nom
marque;5;nom
manche;5;nom
malaisã;5;nr
malaise;5;nom
mackensie;5;nr
lourdement;5;adv
lors;5;adv_sup
licence;5;nom
licat;5;nr
lancolie;5;nr
laid;5;adj
juif;5;adj
josã;5;nr
joint;5;adj
johnny;5;nr
jeu;5;nom
jaillir;5;ver
it;5;nr
inã;5;nr
intime;5;adj
insignifiant;5;adj
insensã;5;nr
insensiblement;5;adv
innocent;5;adj
illusion;5;nom
illuminer;5;ver
honneurâ;5;nr
holborn;5;nr
ho;5;ono
harte;5;nr
haletant;5;adj
grimace;5;nom
gre;5;nr
gravã;5;nr
gousset;5;nom
gigantesque;5;adj
genre;5;nom
gaz;5;nom
garde_vue;5;nom
gard;5;nr
galop;5;nom
gaillard;5;nom
fumer;5;ver
fuir;5;ver
frotter;5;ver
fraã;5;nr
frais;5;adj
fracas;5;nom
fixer;5;ver
fiole;5;nom
figurer;5;ver
fiancã;5;nr
fiancer;5;ver
fermetã;5;nr
faveur;5;nom
faute;5;nom
fatiguer;5;ver
fantastique;5;adj
fantaisie;5;nom
fanal;5;nom
fait;5;nom
factice;5;adj
extravagant;5;adj
excursion;5;nom
excitã;5;nr
examiner;5;ver
exagã;5;nr
engagã;5;nr
enfonã;5;nr
empresser;5;ver
employã;5;nr
embrasser;5;ver
elspeth;5;nr
effroi;5;nom
duncan;5;nr
drury;5;nr
doublã;5;nr
dodd;5;nr
disparaã;5;nr
diffã;5;nr
diaphane;5;adj
diabolique;5;adj
devise;5;nom
dentelle;5;nom
dandy;5;nom
cruel;5;adj
creuser;5;ver
coute;5;nr
courtois;5;adj
couchã;5;nr
corridor;5;nom
contour;5;nom
contact;5;nom
consã;5;nr
congã;5;nr
concert;5;nom
compromettre;5;ver
comporter;5;ver
commissaire;5;nom
colonne;5;nom
cohue;5;nom
club;5;nom
cle;5;nr
clata;5;nr
clairer;5;nr
cit;5;nr
cil;5;nom
cicatrice;5;nom
chut;5;ono
chrã;5;nr
choix;5;nom
chit;5;nr
chemise;5;nom
chef;5;nom
cheapside;5;nr
chauffer;5;ver
charmã;5;nr
chancelant;5;adj
chamois;5;nom
chaland;5;nom
chaise;5;nom
cervelle;5;nom
cave;5;nom
caprice;5;nom
boucher;5;ver
botte;5;nom
bord;5;nom
blasã;5;nr
barriã;5;nr
barnwood;5;nr
bandit;5;nom
bandeau;5;nom
avouer;5;ver
avis;5;nom
avide;5;adj
auxquelles;5;pro_rel
auparavant;5;adv_sup
audacieux;5;adj
audace;5;nom
attitude;5;nom
attaque;5;nom
assurer;5;ver
association;5;nom
assistance;5;nom
assassinat;5;nom
armã;5;nr
appuyã;5;nr
appui;5;nom
appartement;5;nom
apparition;5;nom
ants;5;nr
ante;5;nom
amieâ;5;nr
amant;5;nom
allumer;5;ver
ale;5;nom
agitation;5;nom
adroit;5;adj
admirablement;5;adv
action;5;nom
acteur;5;nom
acre;5;nom
acoustique;5;nom
achã;5;nr
accã;5;nr
accent;5;nom
absorbã;5;nr
abandonner;5;ver
wimpole;4;nr
wikisource;4;nr
volet;4;nom
voisinage;4;nom
violence;4;nom
vingtaine;4;nom
vieillir;4;ver
victorieux;4;adj
veste;4;nom
verser;4;ver
vement;4;nr
veine;4;nom
veil;4;nr
vait;4;nr
vaillant;4;adj
vagabond;4;nom
ussi;4;nr
tristement;4;adv
tremblant;4;adj
traversã;4;nr
tranquille;4;adj
trangã;4;nr
trangers;4;nr
tranche;4;nom
tra;4;nr
tousser;4;ver
touffã;4;nr
touchã;4;nr
tir;4;nom
tiquette;4;nr
tiquement;4;nr
times;4;nr
tez;4;nr
ternelle;4;nr
tempsâ;4;nr
teindre;4;ver
tapis;4;nom
taillã;4;nr
tacher;4;ver
tablir;4;nr
symptã;4;nr
suspendre;4;ver
surprendre;4;ver
supporter;4;ver
suffisant;4;adj
sublime;4;adj
square;4;nom
spã;4;nr
spleen;4;nom
southwark;4;nr
souci;4;nom
sortie;4;nom
sonnã;4;nr
solã;4;nr
soleil;4;nom
soldat;4;nom
sita;4;nr
sistible;4;nr
sister;4;nr
sirait;4;nr
sincã;4;nr
signã;4;nr
signification;4;nom
sexe;4;nom
serein;4;adj
sentier;4;nom
sensiblement;4;adv
sensibilitã;4;nr
selon;4;pre
secretâ;4;nr
secousse;4;nom
sceptre;4;nom
savant;4;nom
sauvã;4;nr
saisâ;4;nr
sage;4;adj
ruinã;4;nr
rude;4;adj
roã;4;nr
rouillã;4;nr
rivage;4;nom
rioritã;4;nr
revers;4;nom
revanche;4;nom
ressortir;4;ver
respiration;4;nom
reposer;4;ver
repasser;4;ver
renvoyer;4;ver
regagner;4;ver
refermã;4;nr
redressã;4;nr
redoubler;4;ver
redescendre;4;ver
recueillir;4;ver
recommenã;4;nr
rat;4;nom
rassembler;4;ver
raser;4;ver
rapiditã;4;nr
rant;4;nr
ranger;4;ver
ramper;4;ver
railleur;4;adj
railler;4;ver
querelle;4;nom
pudeur;4;nom
proprement;4;adv
promenade;4;nom
proie;4;nom
profession;4;nom
privilã;4;nr
pression;4;nom
positivement;4;adv
porteur;4;adj
port;4;nom
population;4;nom
poil;4;nom
poignã;4;nr
poignant;4;adj
ployer;4;ver
plier;4;ver
planche;4;nom
plan;4;nom
pitoyable;4;adj
phrase;4;nom
peser;4;ver
permission;4;nom
percã;4;nr
pente;4;nom
patient;4;nom
passable;4;adj
parlerâ;4;nr
park;4;nr
paletot;4;nom
painâ;4;nr
paille;4;nom
ouvert;4;adj
outrage;4;nom
oubli;4;nom
orienter;4;ver
organisation;4;nom
org;4;nr
ordonnã;4;nr
onze;4;adj_num
old;4;nr
occulte;4;adj
nullement;4;adv
nuage;4;nom
nostra;4;nr
norme;4;nom
nissime;4;nr
nier;4;ver
nergique;4;nr
nash;4;nr
naissance;4;nom
muscle;4;nom
muet;4;adj
moyenne;4;nom
mousseline;4;nom
mouillã;4;nr
morceau;4;nom
morale;4;nom
montrã;4;nr
monsieurâ;4;nr
moinsâ;4;nr
modestie;4;nom
mission;4;nom
misses;4;nr
minuit;4;nom
mien;4;pro_pos
michâ;4;nr
meublã;4;nr
menton;4;nom
menacer;4;ver
matinã;4;nr
mater;4;ver
marchã;4;nr
marbre;4;nom
manifester;4;ver
manier;4;ver
mangã;4;nr
makensie;4;nr
maisâ;4;nr
magique;4;adj
lustre;4;nom
lugubre;4;adj
loyautã;4;nr
louange;4;nom
loquent;4;nr
longuement;4;adv
loigner;4;nr
liã;4;nr
livresâ;4;nr
livide;4;adj
lighterman;4;nr
licieux;4;nr
lestement;4;adv
ler;4;nr
latent;4;adj
langã;4;nr
lan;4;nr
lambris;4;nom
laborieusement;4;adv
juge;4;nom
juan;4;nom
joyeusement;4;adv
jouã;4;nr
jouet;4;nom
jointure;4;nom
joe;4;nr
jadis;4;adv_sup
irlande;4;nr
irlandais;4;adj
interprã;4;nr
insensibilitã;4;nr
infini;4;adj
indiquer;4;ver
implacable;4;adj
immã;4;nr
immonde;4;adj
immodã;4;nr
imaginer;4;ver
imaginaire;4;adj
ilâ;4;nr
humilitã;4;nr
humain;4;adj
http;4;nr
houses;4;nr
historique;4;adj
haleter;4;ver
haleine;4;nom
haillon;4;nom
habituel;4;adj
habile;4;adj
gésir;4;ver
grotesque;4;adj
gris;4;adj
grinã;4;nr
gresse;4;nr
gosier;4;nom
gle;4;nr
gentil;4;adj
gaux;4;nr
gardã;4;nr
ganistes;4;nr
galant;4;adj
fugitif;4;nom
froncã;4;nr
fourrure;4;nom
formule;4;nom
formidable;4;adj
flatteur;4;adj
fixe;4;adj
finitive;4;nr
fife;4;nr
ferro;4;nom
femmeâ;4;nr
favori;4;adj
favorable;4;adj
faux;4;adj
fashionables;4;nr
faireâ;4;nr
faction;4;nom
extraire;4;ver
extase;4;nom
exprã;4;nr
explication;4;nom
exister;4;ver
exclure;4;ver
examen;4;nom
exact;4;adj
etâ;4;nr
estâ;4;nr
estimable;4;adj
essoufflã;4;nr
espace;4;nom
envoyã;4;nr
enthousiaste;4;adj
enrichir;4;ver
enne;4;nr
enlever;4;ver
engourdi;4;adj
enfouir;4;ver
enfiler;4;ver
encoreâ;4;nr
emploi;4;nom
el;4;nr
effleurer;4;ver
effacã;4;nr
eccentricity;4;nr
dunois;4;nr
ducation;4;nr
douillet;4;adj
doubler;4;ver
domptã;4;nr
dommage;4;ono
dominer;4;ver
disposition;4;nom
diocrement;4;nr
diatement;4;nr
dette;4;nom
dessin;4;nom
dessein;4;nom
der;4;nom
demi_douzaine;4;nom
danse;4;nom
cruautã;4;nr
cravache;4;nom
crase;4;nom
couverture;4;nom
coutã;4;nr
courber;4;ver
coupã;4;nr
couple;4;nom
coquetterie;4;nom
contrebande;4;nom
contraster;4;ver
continent;4;nom
consoler;4;ver
consolation;4;nom
consister;4;ver
conquã;4;nr
confusã;4;nr
confondre;4;ver
confiã;4;nr
confiant;4;adj
conclure;4;ver
complaire;4;ver
compassion;4;nom
communiquer;4;ver
combattant;4;nom
coke;4;nom
clos;4;adj
client;4;nom
clamer;4;ver
civilisã;4;nr
cise;4;nr
cis;4;adj
circulaire;4;adj
cipita;4;nr
choseâ;4;nr
chirurgien;4;nom
cheminã;4;nr
chaã;4;nr
chance;4;nom
cessaire;4;nr
certains;4;adj_ind
carreau;4;nom
calmer;4;ver
bruyamment;4;adv
briquet;4;nom
bre;4;nr
bowl;4;nr
bouton;4;nom
boueux;4;adj
boucle;4;nom
border;4;ver
bontã;4;nr
blasphã;4;nr
bile;4;nom
baron;4;nom
barbe;4;nom
banquette;4;nom
bande;4;nom
ballet;4;nom
bain;4;nom
baguette;4;nom
aveuglã;4;nr
aventure;4;nom
auxquels;4;pro_rel
autreâ;4;nr
auberge;4;nom
attirã;4;nr
attentivement;4;adv
attaquã;4;nr
astre;4;nom
assemblã;4;nr
assaillant;4;nom
asile;4;nom
arã;4;nr
artã;4;nr
arranger;4;ver
argument;4;nom
appã;4;nr
appliquer;4;ver
appelã;4;nr
aplomb;4;nom
antique;4;adj
anticorn;4;nr
animer;4;ver
angus;4;nr
amoureux;4;adj
amiâ;4;nr
amiral;4;nom
amenã;4;nr
amener;4;ver
allonger;4;ver
aisã;4;nr
agonie;4;nom
agitã;4;nr
affirmatif;4;adj
adoucir;4;ver
admiration;4;nom
acier;4;nom
accord;4;nom
accompagner;4;ver
aborder;4;ver
able;4;nom
183;4;num
0;4;num
zâ;3;nr
ze;3;nr
whist;3;nom
weber;3;nr
vreuse;3;nr
vraiâ;3;nr
vouã;3;nr
votion;3;nr
volution;3;nr
vol;3;nom
vitã;3;nr
viter;3;nr
ville;3;nom
vierge;3;nom
vieil;3;adj
vidã;3;nr
victoire;3;nom
vibration;3;nom
veâ;3;nr
vertu;3;nom
velours;3;nom
vaquer;3;ver
vanter;3;ver
vaniteux;3;adj
valeur;3;nom
vaillamment;3;adv
usitã;3;nr
user;3;ver
universitã;3;nr
unes;3;pro_ind
tudes;3;nr
troupe;3;nom
troubler;3;ver
triomphant;3;adj
trente_cinq;3;adj_num
treize;3;adj_num
transport;3;nom
transparence;3;nom
trangle;3;nr
tranchant;3;adj
tragã;3;nr
touffa;3;nr
tisonnier;3;nom
tirã;3;nr
tion;3;nr
tien;3;pro_pos
ti;3;nr
tester;3;ver
ternir;3;ver
terne;3;adj
tention;3;nr
teau;3;nr
tas;3;nom
tarder;3;ver
tapisserie;3;nom
talon;3;nom
taler;3;ver
talent;3;nom
tages;3;nr
tachã;3;nr
tablit;3;nr
tablissement;3;nr
tablier;3;nom
suzanne;3;nr
surmonter;3;ver
surface;3;nom
suisse;3;adj
suffoquã;3;nr
sucre;3;nom
subjuguã;3;nr
steamer;3;nom
ste;3;nr
splendide;3;adj
spirit;3;nr
spectateur;3;nom
souple;3;adj
soupirant;3;nom
soulager;3;ver
soulagement;3;nom
souis;3;nr
souffle;3;nom
soubresaut;3;nom
sot;3;nom
sordre;3;nr
sonore;3;adj
sonde;3;nom
sommet;3;nom
sommeiller;3;ver
sitã;3;nr
siffler;3;ver
siennes;3;pro_pos
sienne;3;pro_pos
shop;3;nr
shakspeare;3;nr
serte;3;nr
sentinelle;3;nom
sensuel;3;adj
sensible;3;adj
semelle;3;nom
semblã;3;nr
semaine;3;nom
secrã;3;nr
scrutateur;3;adj
science;3;nom
scamp;3;nr
sauvage;3;adj
saut;3;nom
saisissant;3;adj
sagesse;3;nom
râ;3;nr
rusã;3;nr
rush;3;nom
ruban;3;nom
royaume;3;nom
rouvrir;3;ver
rouler;3;ver
roue;3;nom
rond;3;nom
romancier;3;nom
robã;3;nr
rive;3;nom
rivaliser;3;ver
ritait;3;nr
ritablement;3;nr
rique;3;nr
riposter;3;ver
riodique;3;nr
ril;3;nr
rigoureux;3;adj
rieusementâ;3;nr
riel;3;nom
ricorde;3;nr
retroussã;3;nr
retirã;3;nr
retard;3;nom
ressentir;3;ver
reptile;3;nom
reprise;3;nom
renverser;3;ver
rentrã;3;nr
rente;3;nom
renouveler;3;ver
rences;3;nr
religion;3;nom
rein;3;nom
regagnã;3;nr
refus;3;nom
reflã;3;nr
recouvrer;3;ver
rayer;3;ver
rassurã;3;nr
rassurer;3;ver
rapprochã;3;nr
rampe;3;nom
rameur;3;nom
ramer;3;ver
rale;3;nr
raisonnable;3;adj
quoiquâ;3;nr
quiâ;3;nr
quentã;3;nr
quentes;3;nr
quence;3;nr
quemment;3;nr
quatorze;3;adj_num
quarantaine;3;nom
qualitã;3;nr
prudenceâ;3;nr
prudence;3;nom
protecteur;3;nom
professeur;3;nom
prodiguer;3;ver
procureur;3;nom
prochain;3;adj
prochable;3;nr
prestement;3;adv
pratiquã;3;nr
pouillã;3;nr
portion;3;nom
poque;3;nom
pont;3;nom
pondirent;3;nr
pommade;3;nom
polir;3;ver
plã;3;nr
plomb;3;nom
pli;3;nom
pleurã;3;nr
planter;3;ver
pithã;3;nr
piteux;3;adj
piquer;3;ver
pieux;3;adj
piedsâ;3;nr
persuader;3;ver
perler;3;ver
perle;3;nom
perdu;3;adj
penchant;3;nom
pencesâ;3;nr
patrick;3;nr
paternel;3;adj
patelin;3;nom
passif;3;adj
passant;3;nom
particulier;3;adj
partagã;3;nr
parfait;3;adj
pantalon;3;nom
pair;3;nom
page;3;nom
ouã;3;nr
outrageant;3;adj
oune;3;nr
oun;3;nr
osciller;3;ver
origine;3;nom
orgueilleux;3;adj
organe;3;nom
ordure;3;nom
ordonner;3;ver
opulent;3;adj
opulence;3;nom
opposã;3;nr
opinion;3;nom
onsâ;3;nr
ole;3;nr
oisif;3;nom
ohã;3;nr
offenser;3;ver
obsã;3;nr
observer;3;ver
numã;3;nr
nuageux;3;adj
nord;3;nom
niveau;3;nom
newgate;3;nr
navrã;3;nr
navire;3;nom
natte;3;nom
national;3;adj
natif;3;adj
napolã;3;nr
nant;3;nom
mystique;3;adj
musculeux;3;adj
multitude;3;nom
mugir;3;ver
muer;3;ver
mu;3;nr
mouvoir;3;ver
mouvant;3;adj
mondain;3;adj
moderne;3;adj
mitã;3;nr
mistresses;3;nr
missant;3;nr
ministre;3;nom
minin;3;nr
minemment;3;nr
millier;3;nom
miaulement;3;nom
meurtre;3;nom
message;3;nom
mence;3;nr
maxime;3;nom
maudire;3;ver
massif;3;adj
masculin;3;adj
martyre;3;nom
marquã;3;nr
manã;3;nr
man;3;nom
malã;3;nr
maisonâ;3;nr
mail;3;nom
magnã;3;nr
magnificence;3;nom
madam;3;nr
lutter;3;ver
lumineux;3;adj
lower;3;nr
longtemps;3;adv_sup
longer;3;ver
london;3;nr
loigna;3;nr
lodie;3;nr
litã;3;nr
litiã;3;nr
liter;3;ver
liste;3;nom
lisible;3;adj
lique;3;nr
limaã;3;nr
licenciã;3;nr
libertã;3;nr
liaison;3;nom
leã;3;nr
leed;3;nr
lecture;3;nom
latin;3;adj
lassitude;3;nom
lark;3;nr
languir;3;ver
lancolique;3;nr
lancesterâ;3;nr
lambeau;3;nom
laine;3;nom
l;3;art_def
justeâ;3;nr
juger;3;ver
journal;3;nom
joueur;3;nom
jarretiã;3;nr
jarmant;3;nr
jardin;3;nom
janeâ;3;nr
jais;3;nom
issue;3;nom
ir;3;nr
invraisemblable;3;adj
invinciblement;3;adv
inusitã;3;nr
intrã;3;nr
intensitã;3;nr
instinctivement;3;adv
insoucieux;3;adj
inflexible;3;adj
infamie;3;nom
industrie;3;nom
indispensable;3;adj
indiscret;3;adj
inde;3;nom
incontestablement;3;adv
inaperã;3;nr
impuissant;3;adj
imprã;3;nr
imprudence;3;nom
imposã;3;nr
imposer;3;ver
importuner;3;ver
impitoyablement;3;adv
imperturbable;3;adj
impassible;3;adj
imitã;3;nr
illustrissime;3;adj
humer;3;ver
humblement;3;adv
houille;3;nom
hommage;3;nom
hierâ;3;nr
heureusement;3;adv
hermã;3;nr
harmonieux;3;adj
harmonie;3;nom
hameã;3;nr
habitã;3;nr
habiter;3;ver
habilement;3;adv
guider;3;ver
gueux;3;nom
gueule;3;nom
grossiã;3;nr
grossir;3;ver
gratitude;3;nom
grapin;3;nr
grandeur;3;nom
graduellement;3;adv
goodmanâ;3;nr
gonfler;3;ver
gond;3;nom
glorieux;3;adj
gloire;3;nom
gles;3;nr
gitime;3;nr
germe;3;nom
germanique;3;adj
germain;3;adj
gentry;3;nom
gentle;3;nr
gazon;3;nom
gauchement;3;adv
gation;3;nr
gate;3;nr
garnir;3;ver
gardenâ;3;nr
ganter;3;nr
gance;3;nr
galement;3;nr
gagã;3;nr
gageure;3;nom
gager;3;ver
fureur;3;nom
fumant;3;adj
frontiã;3;nr
froisser;3;ver
frissonner;3;ver
fripier;3;nom
freyschutz;3;nr
frein;3;nom
franck;3;nr
fr;3;nr
fourrã;3;nr
fourneau;3;nom
fouet;3;nom
forã;3;nr
formel;3;adj
foncã;3;nr
folie;3;nom
flexion;3;nom
flanc;3;nom
filsâ;3;nr
fields;3;nr
feuille;3;nom
femelle;3;nom
fellow;3;nr
fatiguã;3;nr
fatalitã;3;nr
fat;3;nom
faste;3;adj
farouche;3;adj
fanny;3;adj
fanfaron;3;nom
fainã;3;nr
faim;3;nom
failler;3;ver
faiblement;3;adv
fade;3;adj
facultã;3;nr
fable;3;nom
exubã;3;nr
expert;3;nom
exercã;3;nr
exciter;3;ver
exceptã;3;nr
exception;3;nom
excentricitã;3;nr
esâ;3;nr
estomac;3;nom
essayã;3;nr
enviã;3;nr
envahir;3;ver
entonner;3;ver
entenduâ;3;nr
entamer;3;ver
ennuyã;3;nr
ennuyer;3;ver
enlevã;3;nr
enivrant;3;adj
engourdir;3;ver
enfumã;3;nr
enfoncã;3;nr
enfoncement;3;nom
enfantâ;3;nr
encombrer;3;ver
encombre;3;nom
encadrer;3;ver
embrasure;3;nom
effrontã;3;nr
efforã;3;nr
effaã;3;nr
durã;3;nr
drame;3;nom
douze;3;adj_num
douloureusement;3;adv
douanier;3;nom
douane;3;nom
dossier;3;nom
domaine;3;nom
dogue;3;nom
docteurâ;3;nr
dix_huit;3;adj_num
divin;3;adj
diversion;3;nom
diva;3;nom
dition;3;nr
dissimuler;3;ver
disgracieux;3;adj
dirk;3;nr
dirigã;3;nr
directement;3;adv
diminuã;3;nr
dignitã;3;nr
difice;3;nr
dictions;3;nr
devinã;3;nr
deuxâ;3;nr
destinã;3;nr
dessiner;3;ver
desquels;3;pro_rel
davantageâ;3;nr
dant;3;nr
dangereux;3;adj
dangereusement;3;adv
damnation;3;nom
dale;3;nom
da;3;ono
d;3;pre
cutã;3;nr
cueil;3;nr
criã;3;nr
crit;3;nr
cristal;3;nom
crire;3;nr
crime;3;nom
creusã;3;nr
crayon;3;nom
craser;3;nr
craintif;3;adj
couta;3;nr
coussin;3;nom
courtisan;3;nom
courroux;3;nom
courbã;3;nr
coupâ;3;nr
coupable;3;adj
costumier;3;nom
coration;3;nr
coquet;3;adj
convaincre;3;ver
contrã;3;nr
continu;3;adj
contenu;3;nom
contentement;3;nom
contemplation;3;nom
consulter;3;ver
construire;3;ver
constituã;3;nr
conserver;3;ver
conseil;3;nom
confusion;3;nom
confier;3;ver
condition;3;nom
conclusion;3;nom
comtã;3;nr
comptã;3;nr
compliment;3;nom
comparã;3;nr
commettre;3;ver
commencement;3;nom
combinã;3;nr
collã;3;nr
cole;3;nr
col;3;nom
coiffure;3;nom
cloche;3;nom
cloaque;3;nom
clifford;3;nr
clectisme;3;nr
clartã;3;nr
clare;3;nr
clameur;3;nom
clairement;3;adv
clairait;3;nr
claira;3;nr
cinquiã;3;nr
cier;3;nr
choquant;3;adj
chira;3;nr
chien;3;nom
chent;3;nr
chement;3;nr
chauffã;3;nr
chat;3;nom
chasser;3;ver
chappe;3;nom
champ;3;nom
chaire;3;nom
chair;3;nom
chagriner;3;ver
cessã;3;nr
certitude;3;nom
ceinture;3;nom
cavaliã;3;nr
casser;3;ver
carter;3;nom
caresse;3;nom
caqueter;3;ver
capricieux;3;adj
canal;3;nom
calculer;3;ver
cachemire;3;nom
by;3;nom
burker;3;nr
burke;3;nr
bruitâ;3;nr
brodã;3;nr
bridge;3;nom
brianâ;3;nr
breux;3;nr
breloque;3;nom
bravo;3;ono
braver;3;ver
braquã;3;nr
branlã;3;nr
bourreau;3;nom
bougã;3;nr
bonnement;3;adv
bonhomie;3;nom
blesser;3;ver
blanchã;3;nr
blanchir;3;ver
biã;3;nr
bishopâ;3;nr
bienveillant;3;adj
bienfaisant;3;adj
bibliothã;3;nr
bercer;3;ver
barre;3;nom
bambin;3;nom
balanã;3;nr
bagarre;3;nom
avorton;3;nom
aviron;3;nom
avertir;3;ver
avancã;3;nr
avaler;3;ver
auteur;3;nom
aussiâ;3;nr
aurã;3;nr
aumã;3;nr
aubaine;3;nom
attente;3;nom
attendâ;3;nr
attachã;3;nr
assassiner;3;ver
aspirer;3;ver
arrivant;3;nom
arche;3;nom
arc;3;nom
apprendreâ;3;nr
appartenir;3;ver
apothicaire;3;nom
apathique;3;adj
anonyme;3;adj
annulaire;3;nom
annoncã;3;nr
anneau;3;nom
anecdote;3;nom
amuser;3;ver
amer;3;adj
amarre;3;nom
altã;3;nr
ainsiâ;3;nr
aimeâ;3;nr
aigu;3;adj
aidã;3;nr
affection;3;nom
affaissã;3;nr
adorable;3;adj
acquã;3;nr
acquitter;3;ver
achevã;3;nr
achetã;3;nr
accoutumã;3;nr
accepter;3;ver
accablã;3;nr
abuser;3;ver
abstenir;3;ver
abrã;3;nr
abominable;3;adj
ables;3;nr
abaisser;3;ver
9;3;num
4;3;num
zousquâ;2;nr
xâ;2;nr
whoâ;2;nr
whiggesse;2;nr
whig;2;nom
wellington;2;nr
well;2;nr
watermen;2;nr
waterman;2;nom
waterford;2;nr
vueâ;2;nr
vraisemblance;2;nom
voulã;2;nr
voudrezâ;2;nr
voluptueux;2;adj
volontaire;2;adj
vogue;2;nom
vocifã;2;nr
vitre;2;nom
vitable;2;nr
visiteur;2;nom
visible;2;adj
viril;2;adj
vingt_quatre;2;adj_num
vingt_cinq;2;adj_num
vin;2;nom
vil;2;adj
vigoureusement;2;adv
vider;2;ver
vidence;2;nr
vibrer;2;ver
vibrant;2;adj
veuvage;2;nom
ves;2;nr
vertueux;2;adj
vernis;2;nom
verbã;2;nr
vera;2;nr
ventre;2;nom
venimeux;2;adj
vengã;2;nr
vengerâ;2;nr
venante;2;nr
veloppement;2;nr
veinã;2;nr
vautrer;2;ver
vanoui;2;nr
vampire;2;nom
vainqueur;2;nom
vainement;2;adv
vacarme;2;nom
utiliser;2;ver
usurier;2;nom
ussir;2;nr
uniforme;2;nom
uneâ;2;nr
ud;2;nr
tyrannique;2;adj
twopenny;2;nr
tuã;2;nr
tuâ;2;nr
tuyau;2;nom
turnbullâ;2;nr
tumultueusement;2;adv
tueusement;2;nr
tuel;2;nr
tudiã;2;nr
trousse;2;nom
troquer;2;ver
tringle;2;nom
trifiã;2;nr
trier;2;ver
tressaillement;2;nom
trentaine;2;nom
trempã;2;nr
tremper;2;ver
tremblã;2;nr
tremblement;2;nom
trant;2;nr
transformer;2;ver
transcendant;2;adj
trafalgar;2;nom
toutefois;2;adv_sup
tourtereau;2;nom
touffer;2;nr
touffait;2;nr
totalement;2;adv
tory;2;nr
torture;2;nom
torpeur;2;nom
toque;2;nom
tonne;2;nom
toiâ;2;nr
tiroir;2;nom
tions;2;nr
timiditã;2;nr
tigre;2;nom
ties;2;nr
tienne;2;pro_pos
there;2;nr
testã;2;nr
terrifiã;2;nr
terriblement;2;adv
terrain;2;nom
terminer;2;ver
tera;2;nr
tenue;2;nom
tentation;2;nom
tentant;2;adj
tenace;2;adj
tements;2;nr
tels;2;adj_ind
tellerie;2;nr
tellement;2;adv
teinte;2;nom
technique;2;adj
tarteifle;2;nr
tardã;2;nr
tapage;2;nom
tamiseâ;2;nr
tal;2;nr
tablette;2;nom
symã;2;nr
sursaut;2;nom
surrectionâ;2;nr
surrection;2;nr
surprenant;2;adj
surgir;2;ver
surexcitã;2;nr
supplice;2;nom
suppliant;2;adj
superflu;2;adj
superbe;2;adj
suky;2;nr
suffoquer;2;ver
suffocant;2;adj
suffisamment;2;adv
sucreâ;2;nr
successivement;2;adv
subit;2;adj
stuart;2;nr
strident;2;adj
strand;2;nr
stephenâ;2;nr
station;2;nom
ssable;2;nr
sportman;2;nr
soyeux;2;adj
soupape;2;nom
soumission;2;nom
soulier;2;nom
souhaiteâ;2;nr
souffrant;2;adj
soufflet;2;nom
soucieux;2;adj
sophisme;2;nom
sopha;2;nom
somnolence;2;nom
somnambule;2;nom
solument;2;nr
solu;2;nr
sollicitã;2;nr
solitaire;2;adj
solide;2;adj
soixante_cinq;2;adj_num
soigner;2;ver
social;2;adj
sobã;2;nr
snailâ;2;nr
sme;2;nr
sixiã;2;nr
sistã;2;nr
sirã;2;nr
sirs;2;nr
signature;2;nom
sien;2;pro_pos
shonorent;2;nr
shocking;2;adj
serpent;2;nom
sentimental;2;adj
sentations;2;nr
sensualitã;2;nr
senceâ;2;nr
seigneurieâ;2;nr
secouã;2;nr
seau;2;nom
scrupule;2;nom
scie;2;nom
saxon;2;adj
sauveur;2;nom
sautiller;2;ver
saumon;2;nom
sauf;2;pre
santoâ;2;nr
sangsue;2;nom
saluã;2;nr
saltimbanque;2;nom
saison;2;nom
saisie;2;nom
saignant;2;adj
sagrã;2;nr
sacrã;2;nr
sacrilã;2;nr
sable;2;nom
sabbat;2;nom
russell;2;nr
ruer;2;ver
royautã;2;nr
rougeur;2;nom
rositã;2;nr
ronfler;2;ver
ronflement;2;nom
romain;2;adj
road;2;nr
riâ;2;nr
ritiã;2;nr
riter;2;nr
rissent;2;nr
risquer;2;ver
riques;2;nr
ring;2;nom
rigueur;2;nom
rieurement;2;nr
rielle;2;nr
rick;2;nr
richmond;2;nr
richesse;2;nom
ricaner;2;ver
rhã;2;nr
revivre;2;ver
reusement;2;nr
retã;2;nr
retournã;2;nr
retardã;2;nr
retarder;2;ver
ressentiment;2;nom
ressemblant;2;adj
resplendir;2;ver
respectã;2;nr
respectâ;2;nr
reproche;2;nom
repoussã;2;nr
reporter;2;nom
replaã;2;nr
reparler;2;ver
reparaître;2;ver
renfonã;2;nr
renflã;2;nr
remplacer;2;ver
rempart;2;nom
remontã;2;nr
remise;2;nom
rembourrã;2;nr
remarquã;2;nr
remarquable;2;adj
religieux;2;adj
relief;2;nom
relatif;2;adj
rejetã;2;nr
registre;2;nom
regentâ;2;nr
regent;2;nr
regardsâ;2;nr
refouler;2;ver
reflux;2;nom
redoutã;2;nr
redoutable;2;adj
redoublã;2;nr
redingote;2;nom
recourbã;2;nr
recoucher;2;ver
reconnaissant;2;adj
reconnaissance;2;nom
recommencer;2;ver
recommandable;2;adj
recherche;2;nom
recevoirâ;2;nr
rebã;2;nr
ravissement;2;nom
ravir;2;ver
rattacher;2;ver
rassã;2;nr
raretã;2;nr
rarement;2;adv
rapprocher;2;ver
rapportã;2;nr
rapporter;2;ver
raout;2;nom
ralement;2;nr
raisonnã;2;nr
raisonnement;2;nom
raisonnablement;2;adv
raidir;2;ver
raffinement;2;nom
racontã;2;nr
race;2;nom
rabattre;2;ver
quoique;2;con
quiã;2;nr
quivoque;2;nr
quipã;2;nr
quilibre;2;nr
queâ;2;nr
queue;2;nom
querre;2;nr
quente;2;nr
quentait;2;nr
quement;2;nr
quelconque;2;adj_sup
quasi;2;adv_sup
qualification;2;nom
quadrupã;2;nr
quadruple;2;adj
purement;2;adv
puissamment;2;con
pugilat;2;nom
publiã;2;nr
pseudonyme;2;nom
prudemment;2;adv
provenir;2;ver
protestant;2;adj
protectionâ;2;nr
protection;2;nom
prostituã;2;nr
prose;2;nom
proposition;2;nom
proposer;2;ver
proportion;2;nom
propice;2;adj
promã;2;nr
prolonger;2;ver
profondeur;2;nom
procã;2;nr
proclamer;2;ver
problã;2;nr
princiã;2;nr
princeâ;2;nr
princesseâ;2;nr
prime;2;nom
prieâ;2;nr
prestance;2;nom
pressã;2;nr
presse;2;nom
praticien;2;nom
pouser;2;nr
poursuite;2;nom
pouls;2;nom
poudre;2;nom
pommette;2;nom
pomme;2;nom
pommadã;2;nr
poitrinaire;2;adj
pointe;2;nom
pluie;2;nom
ployã;2;nr
plorablement;2;nr
plombã;2;nr
plique;2;nom
plat_bord;2;nom
plat;2;adj
plantã;2;nr
plaisirâ;2;nr
plaintivement;2;adv
plaintif;2;adj
plain_pied;2;nom
plaie;2;nom
pirouetter;2;ver
piquant;2;nom
pincã;2;nr
pilotis;2;nom
pile;2;nom
pignait;2;nr
piderme;2;nr
philosophie;2;nom
pester;2;ver
pervers;2;nom
perte;2;nom
persuadã;2;nr
perspective;2;nom
perpã;2;nr
perons;2;nr
permettreâ;2;nr
perfidement;2;adv
perdreâ;2;nr
people;2;adj
pensif;2;adj
penseâ;2;nr
pendard;2;nom
peintre;2;nom
pe;2;nr
pavillon;2;nom
paulesâ;2;nr
patrimoine;2;nom
patibulaire;2;adj
paternellement;2;adv
partâ;2;nr
particuliã;2;nr
parlour;2;nr
pargnã;2;nr
parfumã;2;nr
parent;2;nom
pareilâ;2;nr
parcelle;2;nom
parc;2;nom
pandit;2;nom
pan;2;nom
palpable;2;adj
pall;2;nr
palissandre;2;nom
paisses;2;nr
paisiblement;2;adv
paisible;2;adj
pairesse;2;nr
paillasse;2;nom
paieâ;2;nr
ovale;2;adj
outrageusement;2;adv
ostensible;2;adj
os;2;nom
orâ;2;nr
ornã;2;nr
oriental;2;adj
oreillesâ;2;nr
ordinairesâ;2;nr
orage;2;nom
oppression;2;nom
opposition;2;nom
onnã;2;nr
onner;2;nr
once;2;nom
offensã;2;nr
obtenir;2;ver
obsession;2;nom
obscurcir;2;ver
obligã;2;nr
nå;2;nr
novembre;2;nom
nouer;2;ver
normal;2;adj
nonchalant;2;adj
nonchalance;2;nom
nomâ;2;nr
nommã;2;nr
noirã;2;nr
nobleman;2;nr
niblement;2;nr
niais;2;adj
neâ;2;nr
net;2;adj
nesse;2;nr
nerveux;2;adj
nergiques;2;nr
nerf;2;nom
nements;2;nr
nelson;2;nr
navrant;2;adj
nautique;2;adj
nagã;2;nr
nacrã;2;nr
mutuel;2;adj
munir;2;ver
multiple;2;adj
mugissant;2;adj
moudre;2;ver
moucher;2;ver
mortâ;2;nr
moquerie;2;nom
mooreâ;2;nr
montrond;2;nr
monstrueux;2;adj
monstrations;2;nr
monarque;2;nom
molie;2;nr
mobilier;2;nom
mobile;2;nom
missait;2;nr
miroiter;2;ver
miraculeux;2;adj
miracle;2;nom
mir;2;nom
minutieux;2;adj
minutieusement;2;adv
minna;2;nr
miner;2;ver
miladies;2;nr
microscopique;2;adj
mia;2;nr
mi;2;nom_sup
meute;2;nom
messieursâ;2;nr
mentalement;2;adv
mendier;2;ver
masure;2;nom
masquã;2;nr
masquer;2;ver
marã;2;nr
martelã;2;nr
marmaduke;2;nr
mariã;2;nr
marinier;2;nom
marin;2;nom
marchepied;2;nom
marchanderai;2;nr
maraud;2;nom
manå;2;nr
mant;2;nr
manquã;2;nr
manations;2;nr
malâ;2;nr
mall;2;nr
malheureusement;2;adv
malfaiteur;2;nom
majeur;2;adj
majestã;2;nr
mainâ;2;nr
magie;2;nom
lymphatique;2;adj
luxeâ;2;nr
louche;2;adj
lorgnonâ;2;nr
lorette;2;nom
looâ;2;nr
longuevilleâ;2;nr
lochmaben;2;nr
lisser;2;ver
lir;2;nr
linceul;2;nom
licieuse;2;nr
lice;2;nom
licats;2;nr
licatement;2;nr
lesquels;2;pro_rel
lesquelles;2;pro_rel
ledit;2;adj
lectronique;2;nr
lasser;2;ver
larynx;2;nom
larmesâ;2;nr
largeur;2;nom
lants;2;nr
lantes;2;nr
lanterne;2;nom
lans;2;nr
lamentable;2;adj
lame;2;nom
laisser_aller;2;nom
laideur;2;nom
ladyâ;2;nr
ladite;2;adj
krubb;2;nr
kingâ;2;nr
justice;2;nom
jusques;2;adv
juron;2;nom
jumeau;2;nom
jullien;2;nr
jugã;2;nr
joyau;2;nom
jockeyâ;2;nr
jockey;2;nom
jet;2;nom
jaunir;2;ver
jarret;2;nom
jalousement;2;adv
jackâ;2;nr
italian;2;nr
issance;2;nr
irruption;2;nom
involontaire;2;adj
invitation;2;nom
inventã;2;nr
invention;2;nom
intolã;2;nr
intimitã;2;nr
intermã;2;nr
intercepter;2;ver
insultã;2;nr
insu;2;nom
instrument;2;nom
instruction;2;nom
instinctif;2;adj
instantâ;2;nr
insolent;2;nom
insensible;2;adj
inscrire;2;ver
inouã;2;nr
inondã;2;nr
innombrable;2;adj
innocence;2;nom
inimitable;2;adj
ingã;2;nr
infã;2;nr
informã;2;nr
informer;2;ver
influent;2;adj
influence;2;nom
inexpugnable;2;adj
indomptable;2;adj
indolent;2;adj
indistinct;2;adj
indiscrã;2;nr
indiquã;2;nr
indigne;2;adj
indignation;2;nom
index;2;nom
indescriptible;2;adj
incurable;2;adj
incrustã;2;nr
incarnat;2;nom
inattendu;2;adj
inaccoutumã;2;nr
impur;2;adj
improvisã;2;nr
importeâ;2;nr
importanteâ;2;nr
impiã;2;nr
imperceptiblement;2;adv
impatienter;2;ver
immobilitã;2;nr
illustrer;2;ver
illusoire;2;adj
illa;2;nr
ignorant;2;adj
ignorance;2;nom
idolã;2;nr
i;2;nom
hypothã;2;nr
hypocrite;2;nom
hyde;2;nr
huiâ;2;nr
huissier;2;nom
hospitalitã;2;nr
horreur;2;nom
hontã;2;nr
hiver;2;nom
herculã;2;nr
herbe;2;nom
hem;2;ono
hearken;2;nr
hasardâ;2;nr
hardiment;2;adv
handcuffs;2;nr
haie;2;nom
hache;2;nom
habitant;2;nom
habiller;2;ver
guliã;2;nr
grognement;2;nom
griã;2;nr
grincement;2;nom
gravitã;2;nr
graver;2;ver
gravement;2;adv
gratter;2;ver
gratis;2;adv
grasseyer;2;ver
grandement;2;adv
graine;2;nom
gradã;2;nr
gradation;2;nom
gouverner;2;ver
gothique;2;adj
gorgeâ;2;nr
good;2;nr
gong;2;nom
gonflã;2;nr
gnã;2;nr
gnu;2;nr
gna;2;nr
gladiateur;2;nom
glacã;2;nr
george;2;nr
gentlewoman;2;nr
gentilhommeâ;2;nr
geniã;2;nr
geait;2;nr
garer;2;ver
gare;2;ono
gardens;2;nr
gantã;2;nr
galvaniser;2;ver
galoche;2;nom
gai;2;adj
gagnant;2;nom
futile;2;adj
funã;2;nr
fuite;2;nom
frisson;2;nom
frayer;2;ver
frapperâ;2;nr
francis;2;nr
franchise;2;nom
fraction;2;nom
fourrer;2;ver
fouetter;2;ver
foudre;2;nom
forteâ;2;nr
forcer;2;ver
for;2;nom
fondã;2;nr
foisâ;2;nr
fleet;2;nr
flatter;2;ver
flash;2;nom
flamme;2;nom
fixã;2;nr
fixement;2;adv
fioleâ;2;nr
finitivement;2;nr
filtrer;2;ver
filoselle;2;nom
filer;2;ver
field;2;nom
feuâ;2;nr
feutre;2;nom
ferveur;2;nom
ferrã;2;nr
fermement;2;adv
fense;2;nr
feinte;2;nom
fdl;2;nr
fauve;2;nom
fausset;2;nom
fausser;2;ver
fatal;2;adj
fastidieux;2;adj
fascination;2;nom
farine;2;nom
farce;2;nom
fantã;2;nr
fangeux;2;adj
fange;2;nom
faitâ;2;nr
faiblir;2;ver
facilement;2;adv
fac;2;nom
extatique;2;adj
exposã;2;nr
exposer;2;ver
exotique;2;adj
exorbitant;2;adj
exerã;2;nr
excuse;2;nom
exclusivement;2;adv
exchange;2;nr
excellence;2;nom
exalter;2;ver
exactement;2;adv
ever;2;nr
europã;2;nr
espagnol;2;adj
esclavage;2;nom
escarpin;2;nom
escargot;2;nom
escalader;2;ver
escalade;2;nom
envier;2;ver
enviable;2;adj
enveloppe;2;nom
entreprendre;2;ver
entrecoupã;2;nr
entraillesâ;2;nr
entourage;2;nom
enthousiasme;2;nom
ensorcelã;2;nr
ensanglantã;2;nr
enrouler;2;ver
engendrã;2;nr
engagement;2;nom
enfantin;2;adj
enduire;2;ver
endormi;2;adj
encre;2;nom
enceinte;2;adj
encaissã;2;nr
emprunter;2;ver
emprunt;2;nom
empressã;2;nr
emportement;2;nom
empire;2;nom
emmener;2;ver
embonpoint;2;nom
embarrassã;2;nr
embarcation;2;nom
elleâ;2;nr
effrã;2;nr
effroyable;2;adj
effrayer;2;ver
effacer;2;ver
ed;2;nr
dussã;2;nr
dumfries;2;nr
duite;2;nr
duisant;2;nr
duisait;2;nr
dressã;2;nr
draw;2;nr
douã;2;nr
doutã;2;nr
douteâ;2;nr
dorã;2;nr
dompter;2;ver
dominã;2;nr
domination;2;nom
dominant;2;adj
dix_sept;2;adj_num
ditâ;2;nr
distraction;2;nom
distinguã;2;nr
disentâ;2;nr
discussion;2;nom
disances;2;nr
dirigeant;2;nom
direct;2;adj
diplomatique;2;adj
diplomatie;2;nom
diplomate;2;nom
diocre;2;nr
diminuer;2;ver
difficilement;2;adv
dies;2;nr
dictã;2;nr
diction;2;nom
diavolo;2;nr
diadã;2;nr
di;2;nr
dextrement;2;adv
devineâ;2;nr
dessã;2;nr
dessillã;2;nr
despotiquement;2;nr
despotique;2;adj
dente;2;nr
demoiselleâ;2;nr
demoisellesâ;2;nr
demi_nues;2;nr
demi_million;2;nom
demi_dieu;2;nom
demi_clos;2;nr
demi_cent;2;nom
demeurã;2;nr
del;2;nr
dameâ;2;nr
daigneux;2;nr
cutant;2;nr
cuta;2;nr
custom;2;nom
curieusement;2;adv
curies;2;nr
curer;2;ver
cure_dent;2;nom
culer;2;ver
cuirassã;2;nr
cu;2;nr
cruellement;2;adv
cruche;2;nom
croã;2;nr
croisâ;2;nr
criture;2;nr
crise;2;nom
crin;2;nom
criminel;2;nom
crewe;2;nr
creux;2;adj
cravate;2;nom
crasã;2;nr
cramponner;2;ver
craie;2;nom
couver;2;ver
coutezâ;2;nr
couteur;2;nr
coutes;2;nr
courtier;2;nom
courtenay;2;nr
cours;2;nom
courbe;2;nom
courageux;2;adj
couragement;2;nr
coulisse;2;nom
coton;2;nom
coterie;2;nom
cosseâ;2;nr
cossaise;2;nr
corne;2;nom
cordialitã;2;nr
cordial;2;nom
corbeille;2;nom
conã;2;nr
convenance;2;nom
contribuã;2;nr
contribuer;2;ver
contrevent;2;nom
contractã;2;nr
continuel;2;adj
conteur;2;nom
contentã;2;nr
contenter;2;ver
conte;2;nom
consommã;2;nr
conseiller;2;ver
conquérir;2;ver
connaissanceâ;2;nr
conjurer;2;ver
conjugal;2;adj
confortable;2;adj
condescendance;2;nom
condamnã;2;nr
concentrã;2;nr
comtesseâ;2;nr
compteâ;2;nr
compromis;2;nom
comprimer;2;ver
complice;2;nom
compenser;2;ver
compatriote;2;nom
comparer;2;ver
comparaison;2;nom
comparable;2;adj
compagnieâ;2;nr
communã;2;nr
communiquã;2;nr
commercial;2;adj
commandã;2;nr
combres;2;nr
colta;2;nr
colombe;2;nom
college;2;nr
cokneys;2;nr
coiffeur;2;nom
coiffer;2;ver
coce;2;nr
cloison;2;nom
cligner;2;ver
clergã;2;nr
clatante;2;nr
clatant;2;nr
claryâ;2;nr
clarer;2;nr
claboussa;2;nr
civilisation;2;nom
citron;2;nom
ciseau;2;nom
cirã;2;nr
circuler;2;ver
cipitã;2;nr
cigare;2;nom
cieux;2;nom
cieuse;2;nr
cialement;2;nr
chraneâ;2;nr
chons;2;nr
chissait;2;nr
chirã;2;nr
chirant;2;nr
chiquetã;2;nr
cheux;2;nr
cheurs;2;nr
cherâ;2;nr
cherchã;2;nr
chelle;2;nr
chauffant;2;adj
charpieâ;2;nr
charmer;2;ver
chappent;2;nr
chapitre;2;nom
chapelet;2;nom
chantã;2;nr
chanteur;2;nom
chanceux;2;adj
ceâ;2;nr
cessairement;2;nr
cente;2;nr
centaine;2;nom
causã;2;nr
causerie;2;nom
cauchemar;2;nom
catholique;2;adj
catastrophe;2;nom
castle;2;nr
case;2;nom
cartelã;2;nr
cartel;2;nom
cartant;2;nr
cartait;2;nr
cart;2;nr
carrure;2;nom
carrosse;2;nom
carnation;2;nom
carlates;2;nr
caricature;2;nom
capuchon;2;nom
capitaineâ;2;nr
candide;2;adj
campbellâ;2;nr
campagne;2;nom
camp;2;nom
camaradeâ;2;nr
calomnie;2;nom
caissier;2;nom
cadeau;2;nom
cachet;2;nom
byron;2;nr
busquã;2;nr
burlesque;2;nom
brutalitã;2;nr
brusquerie;2;nom
broyer;2;ver
brochet;2;nom
brimborion;2;nom
brillã;2;nr
brillamment;2;adv
breuses;2;nr
breuse;2;nr
bretagne;2;nr
brenda;2;nr
branler;2;ver
branche;2;nom
boxing;2;nr
boxer;2;ver
boutonner;2;ver
boutiquier;2;nom
boutade;2;nom
bourru;2;adj
bourgeoisement;2;adv
bourdonnement;2;nom
bouquet;2;nom
boule;2;nom
bouillir;2;ver
bouillant;2;adj
bougie;2;nom
bouffã;2;nr
boudeur;2;nom
bouclã;2;nr
boucler;2;ver
borner;2;ver
bordã;2;nr
bonnet;2;nom
bonnairement;2;nr
bonnaire;2;nr
bond;2;nom
boiteux;2;nom
boat;2;nr
blã;2;nr
blouissante;2;nr
blouie;2;nr
bloui;2;nr
bloc;2;nom
blayer;2;nr
blancheur;2;nom
bilan;2;nom
bijou;2;nom
besogneâ;2;nr
bergã;2;nr
bercã;2;nr
belleâ;2;nr
bavarder;2;ver
bavard;2;adj
baume;2;nom
bauche;2;nr
bataillon;2;nom
basâ;2;nr
base;2;nom
barricade;2;nom
barrasser;2;nr
barbu;2;nom
barbet;2;nom
barbarie;2;nom
banquier;2;nom
banal;2;adj
baliveau;2;nom
balancer;2;ver
balai;2;nom
baignoire;2;nom
bah;2;ono
bagatelle;2;nom
axiome;2;nom
avã;2;nr
avril;2;nom
avocat;2;nom
aversion;2;nom
aventurier;2;nom
avanceâ;2;nr
autresâ;2;nr
autoritã;2;nr
autel;2;nom
austã;2;nr
attribuã;2;nr
attrayant;2;adj
attrait;2;nom
attraction;2;nom
attorney;2;nom
attiser;2;ver
attester;2;ver
attelã;2;nr
attaquer;2;ver
attachant;2;adj
attablã;2;nr
astuce;2;nom
assã;2;nr
assouvir;2;ver
assourdissant;2;adj
assidã;2;nr
arrangã;2;nr
argot;2;nom
architecture;2;nom
arbre;2;nom
arbitre;2;nom
araignã;2;nr
approprier;2;ver
apprenti;2;nom
apparaã;2;nr
anã;2;nr
antes;2;nr
ansâ;2;nr
animã;2;nr
animal;2;nom
angã;2;nr
anguleux;2;adj
anglican;2;nom
ancã;2;nr
analogue;2;adj
amusant;2;adj
amollir;2;ver
amassã;2;nr
amasser;2;ver
amante;2;nom
alourdir;2;ver
aloi;2;nom
allure;2;nom
allier;2;ver
aimerâ;2;nr
aiguille;2;nom
aigre;2;adj
agonieâ;2;nr
agile;2;adj
affubler;2;ver
affirmã;2;nr
affectã;2;nr
affaisser;2;ver
affaissement;2;nom
affairesâ;2;nr
adroitement;2;adv
adossã;2;nr
admirã;2;nr
adelphi;2;nr
additionner;2;ver
addio;2;nr
actuellement;2;adv
actuel;2;adj
activement;2;adv
achille;2;nr
achalandã;2;nr
accusation;2;nom
accompagnã;2;nr
accident;2;nom
accabler;2;ver
accablement;2;nom
accablant;2;adj
absorber;2;ver
absolument;2;adv
absent;2;adj
absenceâ;2;nr
abriter;2;ver
abri;2;nom
aboyeur;2;nom
abondant;2;adj
aboiement;2;nom
abject;2;adj
abattre;2;ver
abaissã;2;nr
abaissant;2;adj
